'sample #','MLII','V5'
0,995,1011
1,995,1011
2,995,1011
3,995,1011
4,995,1011
5,995,1011
6,995,1011
7,995,1011
8,1000,1008
9,997,1008
10,995,1007
11,994,1007
12,992,1009
13,993,1010
14,992,1010
15,989,1011
16,988,1013
17,987,1014
18,990,1014
19,993,1016
20,989,1016
21,988,1013
22,986,1009
23,988,1008
24,993,1007
25,997,1010
26,993,1008
27,986,1008
28,983,1006
29,977,1005
30,979,1006
31,975,1005
32,974,1002
33,972,1000
34,969,995
35,969,997
36,969,1003
37,971,1005
38,973,1003
39,971,1000
40,969,997
41,966,999
42,966,999
43,966,1001
44,966,1001
45,967,999
46,965,996
47,963,996
48,967,998
49,969,999
50,969,996
51,968,995
52,967,994
53,963,994
54,966,998
55,964,1001
56,968,999
57,966,997
58,964,992
59,961,985
60,960,984
61,957,983
62,952,979
63,947,973
64,947,964
65,943,966
66,933,977
67,927,998
68,927,1017
69,939,1034
70,958,1048
71,980,1064
72,1010,1086
73,1048,1111
74,1099,1131
75,1148,1140
76,1180,1119
77,1192,1066
78,1177,1007
79,1128,978
80,1058,974
81,991,981
82,951,988
83,937,987
84,939,992
85,950,994
86,958,994
87,959,988
88,957,988
89,955,992
90,958,991
91,959,990
92,961,991
93,962,987
94,960,987
95,957,987
96,956,990
97,959,992
98,955,993
99,957,989
100,958,985
101,957,987
102,958,987
103,959,989
104,958,989
105,958,985
106,955,986
107,953,988
108,957,991
109,959,990
110,963,990
111,960,990
112,960,986
113,958,987
114,956,988
115,957,990
116,956,989
117,955,986
118,953,984
119,953,985
120,956,987
121,958,990
122,958,990
123,958,987
124,956,985
125,954,989
126,959,984
127,959,987
128,958,988
129,958,987
130,957,983
131,957,986
132,956,988
133,958,987
134,956,984
135,954,981
136,953,983
137,954,982
138,955,984
139,958,987
140,960,983
141,957,984
142,958,982
143,955,983
144,958,987
145,957,987
146,957,984
147,955,981
148,955,979
149,953,980
150,956,984
151,956,984
152,957,981
153,958,979
154,954,977
155,954,975
156,955,976
157,957,976
158,957,976
159,957,975
160,954,972
161,953,972
162,953,971
163,955,971
164,955,968
165,957,967
166,954,965
167,952,965
168,952,964
169,952,966
170,951,964
171,952,961
172,950,961
173,947,961
174,950,961
175,952,962
176,953,962
177,952,959
178,949,958
179,949,959
180,951,961
181,951,963
182,952,963
183,952,966
184,951,966
185,950,969
186,953,970
187,958,975
188,959,976
189,959,974
190,957,974
191,956,977
192,961,980
193,964,985
194,964,986
195,966,986
196,965,986
197,966,988
198,967,992
199,969,995
200,973,994
201,974,992
202,974,992
203,971,993
204,973,995
205,975,996
206,978,992
207,975,994
208,975,989
209,973,990
210,973,992
211,976,992
212,974,994
213,973,993
214,975,992
215,973,990
216,974,993
217,974,993
218,971,994
219,972,991
220,972,989
221,971,991
222,970,991
223,971,992
224,972,992
225,969,988
226,968,989
227,966,987
228,969,991
229,970,994
230,972,994
231,968,990
232,968,987
233,967,985
234,969,986
235,969,986
236,971,987
237,970,986
238,967,982
239,966,985
240,968,986
241,969,988
242,967,983
243,968,981
244,964,979
245,964,982
246,963,983
247,965,985
248,964,984
249,962,985
250,962,982
251,963,981
252,965,983
253,967,987
254,967,985
255,966,985
256,965,980
257,962,980
258,966,982
259,965,981
260,964,980
261,963,980
262,962,979
263,959,982
264,962,984
265,964,982
266,966,979
267,962,978
268,959,979
269,958,980
270,961,978
271,964,982
272,963,981
273,962,981
274,960,978
275,958,981
276,959,980
277,961,983
278,962,983
279,963,982
280,963,981
281,962,979
282,964,981
283,963,981
284,966,981
285,964,979
286,964,979
287,963,979
288,963,983
289,966,985
290,968,982
291,965,982
292,963,981
293,961,977
294,963,978
295,965,980
296,966,980
297,968,978
298,970,979
299,969,978
300,969,981
301,970,985
302,974,985
303,974,986
304,973,984
305,979,985
306,980,988
307,983,990
308,984,988
309,983,989
310,981,985
311,978,985
312,980,990
313,979,989
314,979,989
315,979,988
316,978,987
317,977,987
318,976,989
319,977,989
320,980,989
321,982,986
322,983,983
323,975,984
324,967,983
325,967,983
326,964,981
327,962,981
328,958,979
329,958,981
330,959,982
331,961,984
332,960,981
333,961,979
334,959,975
335,956,975
336,955,974
337,956,979
338,956,978
339,954,977
340,955,976
341,953,977
342,958,977
343,957,980
344,958,978
345,960,976
346,955,976
347,953,975
348,956,979
349,958,979
350,959,977
351,958,974
352,954,970
353,951,968
354,952,966
355,948,964
356,939,958
357,935,952
358,929,953
359,922,963
360,917,983
361,923,1008
362,941,1027
363,964,1037
364,992,1047
365,1021,1062
366,1071,1084
367,1122,1106
368,1168,1123
369,1199,1121
370,1212,1096
371,1205,1045
372,1175,991
373,1122,954
374,1057,934
375,1002,930
376,970,934
377,946,945
378,934,955
379,929,962
380,933,965
381,939,967
382,946,965
383,946,965
384,947,968
385,946,967
386,948,967
387,948,967
388,948,966
389,945,969
390,947,969
391,947,969
392,947,970
393,949,967
394,945,965
395,942,966
396,942,969
397,944,971
398,945,971
399,946,969
400,943,965
401,945,966
402,947,967
403,949,970
404,946,971
405,946,969
406,943,968
407,942,968
408,942,970
409,946,971
410,946,970
411,945,970
412,943,968
413,941,970
414,944,971
415,942,971
416,943,971
417,942,970
418,941,967
419,942,967
420,944,971
421,944,971
422,945,973
423,946,969
424,943,969
425,942,968
426,946,970
427,946,971
428,947,969
429,947,967
430,942,968
431,943,968
432,945,969
433,946,969
434,949,969
435,946,967
436,945,965
437,942,965
438,944,969
439,946,969
440,946,967
441,947,966
442,943,961
443,941,961
444,941,963
445,944,966
446,945,962
447,943,960
448,941,960
449,940,957
450,940,958
451,942,959
452,941,955
453,939,954
454,940,951
455,937,950
456,938,953
457,938,952
458,940,950
459,938,946
460,934,945
461,933,944
462,934,946
463,937,947
464,935,946
465,934,944
466,933,942
467,930,940
468,932,943
469,933,942
470,934,942
471,933,944
472,930,943
473,929,946
474,932,947
475,934,951
476,935,953
477,936,955
478,937,953
479,936,958
480,942,965
481,945,969
482,950,970
483,951,972
484,952,971
485,951,971
486,956,975
487,959,979
488,961,982
489,960,981
490,958,981
491,958,983
492,960,985
493,962,987
494,964,987
495,964,985
496,960,985
497,960,985
498,961,987
499,963,990
500,963,987
501,965,985
502,960,985
503,958,985
504,963,987
505,962,989
506,964,989
507,964,987
508,960,985
509,959,985
510,962,985
511,963,988
512,961,987
513,963,986
514,961,985
515,961,985
516,962,986
517,965,987
518,966,987
519,963,986
520,962,984
521,960,981
522,961,985
523,964,987
524,961,987
525,961,987
526,961,984
527,958,983
528,961,986
529,960,986
530,961,984
531,959,984
532,957,985
533,956,980
534,957,983
535,957,986
536,958,984
537,959,980
538,955,978
539,954,982
540,955,983
541,957,984
542,958,985
543,958,980
544,955,979
545,955,979
546,955,981
547,960,983
548,958,983
549,957,981
550,956,979
551,953,980
552,957,979
553,958,985
554,958,981
555,957,980
556,953,981
557,952,979
558,953,981
559,954,982
560,956,982
561,955,979
562,955,978
563,955,980
564,955,982
565,958,983
566,958,984
567,957,983
568,955,980
569,954,978
570,954,981
571,956,983
572,958,984
573,955,978
574,955,980
575,953,981
576,954,983
577,956,984
578,958,983
579,956,980
580,956,980
581,956,979
582,958,983
583,957,984
584,958,984
585,957,982
586,955,978
587,955,981
588,956,984
589,958,984
590,961,983
591,965,982
592,964,981
593,965,980
594,967,983
595,969,984
596,971,985
597,971,983
598,971,983
599,973,983
600,974,988
601,976,990
602,979,986
603,981,986
604,976,984
605,975,987
606,976,991
607,975,995
608,977,995
609,975,990
610,974,989
611,969,990
612,969,991
613,971,994
614,974,992
615,979,989
616,980,986
617,978,986
618,971,987
619,970,987
620,968,989
621,967,985
622,963,981
623,960,983
624,956,984
625,958,985
626,957,983
627,957,982
628,953,980
629,950,981
630,952,982
631,955,983
632,954,984
633,953,982
634,951,980
635,949,980
636,948,980
637,950,984
638,951,983
639,951,981
640,948,979
641,947,980
642,948,981
643,949,983
644,953,980
645,950,979
646,946,976
647,943,972
648,942,968
649,937,964
650,931,955
651,926,949
652,920,955
653,913,972
654,910,999
655,919,1029
656,943,1053
657,974,1076
658,1006,1099
659,1048,1125
660,1106,1151
661,1162,1165
662,1201,1146
663,1216,1088
664,1194,1015
665,1128,974
666,1034,970
667,960,976
668,924,976
669,923,974
670,935,973
671,941,975
672,945,975
673,946,975
674,945,973
675,946,972
676,945,972
677,943,970
678,945,975
679,943,975
680,946,974
681,945,971
682,945,970
683,942,970
684,943,971
685,944,972
686,944,972
687,941,970
688,943,968
689,940,968
690,941,970
691,943,973
692,943,971
693,940,968
694,940,966
695,937,969
696,940,971
697,942,973
698,942,972
699,943,972
700,939,968
701,938,968
702,940,971
703,941,972
704,942,973
705,942,972
706,939,969
707,940,970
708,944,969
709,945,971
710,944,971
711,944,970
712,945,968
713,941,967
714,943,968
715,946,973
716,944,970
717,944,968
718,941,966
719,939,966
720,939,970
721,941,970
722,941,967
723,942,964
724,939,964
725,939,964
726,940,965
727,941,969
728,944,965
729,944,964
730,942,962
731,939,962
732,942,961
733,943,962
734,945,962
735,944,957
736,944,955
737,943,953
738,947,954
739,944,955
740,946,952
741,946,950
742,944,949
743,941,947
744,943,950
745,943,950
746,942,947
747,941,944
748,940,941
749,940,943
750,939,942
751,941,946
752,941,943
753,942,942
754,937,939
755,938,940
756,937,942
757,940,943
758,940,944
759,940,944
760,940,943
761,939,947
762,939,951
763,941,955
764,945,957
765,945,959
766,946,962
767,949,965
768,952,969
769,956,973
770,957,974
771,958,976
772,957,975
773,957,978
774,959,983
775,960,984
776,963,984
777,963,983
778,961,982
779,962,980
780,963,985
781,964,986
782,964,984
783,964,984
784,962,982
785,962,984
786,962,986
787,961,989
788,964,984
789,963,983
790,961,982
791,960,984
792,959,984
793,962,988
794,963,986
795,963,986
796,960,983
797,959,983
798,963,985
799,962,987
800,965,986
801,962,986
802,959,982
803,958,982
804,960,983
805,960,983
806,960,984
807,959,981
808,954,979
809,954,982
810,956,982
811,957,982
812,958,981
813,957,979
814,956,979
815,952,978
816,954,982
817,954,982
818,953,978
819,952,974
820,953,974
821,951,975
822,953,978
823,954,981
824,956,978
825,953,976
826,954,975
827,951,975
828,951,976
829,954,981
830,953,979
831,954,976
832,950,976
833,948,975
834,950,976
835,952,978
836,951,977
837,952,976
838,951,978
839,948,974
840,950,979
841,951,981
842,954,978
843,954,976
844,954,974
845,950,971
846,951,978
847,955,980
848,955,977
849,956,979
850,953,977
851,951,977
852,952,979
853,953,979
854,953,981
855,953,979
856,949,977
857,947,978
858,953,979
859,952,979
860,953,979
861,952,979
862,952,978
863,950,978
864,952,981
865,955,982
866,953,979
867,955,976
868,955,977
869,955,976
870,956,979
871,962,981
872,963,980
873,963,980
874,962,978
875,963,978
876,966,983
877,967,984
878,969,983
879,968,985
880,968,982
881,969,983
882,971,986
883,973,987
884,975,984
885,972,985
886,971,984
887,969,986
888,968,990
889,971,996
890,970,991
891,969,991
892,968,987
893,969,988
894,968,990
895,969,994
896,971,991
897,973,988
898,976,984
899,972,982
900,968,982
901,962,987
902,962,986
903,955,984
904,952,981
905,948,980
906,947,982
907,948,985
908,950,983
909,949,980
910,947,979
911,946,978
912,945,980
913,947,982
914,947,982
915,947,978
916,945,977
917,943,978
918,944,979
919,949,981
920,949,980
921,946,980
922,945,978
923,941,976
924,943,980
925,944,979
926,946,977
927,943,974
928,939,968
929,932,963
930,929,959
931,923,955
932,922,949
933,919,941
934,916,939
935,904,947
936,895,965
937,898,988
938,909,1011
939,925,1031
940,947,1050
941,970,1072
942,1001,1098
943,1042,1123
944,1098,1146
945,1151,1155
946,1186,1133
947,1196,1070
948,1178,1003
949,1119,968
950,1037,967
951,963,973
952,924,973
953,920,972
954,929,978
955,942,980
956,946,975
957,946,973
958,944,972
959,942,974
960,943,977
961,947,975
962,946,975
963,945,972
964,943,971
965,942,971
966,943,972
967,944,976
968,946,975
969,945,972
970,942,970
971,941,970
972,942,973
973,945,973
974,943,974
975,942,971
976,943,970
977,943,970
978,942,971
979,946,974
980,947,975
981,946,971
982,945,970
983,944,972
984,944,973
985,944,975
986,945,974
987,945,972
988,943,970
989,943,972
990,944,973
991,945,974
992,947,973
993,949,973
994,947,969
995,945,970
996,946,971
997,947,972
998,949,972
999,947,969
1000,945,970
1001,945,972
1002,947,975
1003,949,973
1004,949,971
1005,947,971
1006,945,970
1007,946,971
1008,946,972
1009,951,970
1010,949,971
1011,947,970
1012,945,968
1013,948,967
1014,947,968
1015,949,967
1016,948,966
1017,946,962
1018,948,963
1019,949,964
1020,949,964
1021,949,962
1022,949,959
1023,948,956
1024,946,956
1025,946,959
1026,951,960
1027,950,953
1028,949,952
1029,947,948
1030,946,947
1031,946,949
1032,949,951
1033,951,949
1034,947,947
1035,948,946
1036,946,945
1037,949,947
1038,949,949
1039,951,949
1040,950,949
1041,947,948
1042,945,951
1043,947,955
1044,947,957
1045,950,961
1046,951,962
1047,950,963
1048,949,966
1049,954,970
1050,957,973
1051,960,974
1052,961,975
1053,960,977
1054,959,977
1055,961,979
1056,965,980
1057,967,985
1058,964,981
1059,965,978
1060,967,981
1061,967,983
1062,968,985
1063,970,984
1064,968,985
1065,966,985
1066,965,983
1067,965,985
1068,966,988
1069,968,986
1070,966,983
1071,965,982
1072,962,983
1073,965,988
1074,967,987
1075,968,986
1076,969,983
1077,965,981
1078,963,981
1079,964,981
1080,965,986
1081,965,982
1082,967,984
1083,964,981
1084,963,980
1085,964,979
1086,965,981
1087,964,981
1088,963,978
1089,961,979
1090,962,979
1091,961,982
1092,965,982
1093,964,981
1094,962,978
1095,958,977
1096,956,978
1097,958,980
1098,960,981
1099,960,978
1100,961,977
1101,959,974
1102,957,975
1103,958,976
1104,961,980
1105,960,978
1106,960,978
1107,958,977
1108,955,976
1109,956,977
1110,957,980
1111,958,978
1112,957,976
1113,955,973
1114,954,975
1115,955,977
1116,956,980
1117,957,978
1118,957,976
1119,958,974
1120,957,973
1121,956,976
1122,957,979
1123,960,978
1124,956,977
1125,956,976
1126,954,975
1127,951,977
1128,952,978
1129,955,977
1130,955,976
1131,954,975
1132,954,977
1133,954,977
1134,956,978
1135,956,976
1136,955,977
1137,955,975
1138,948,974
1139,952,978
1140,952,982
1141,955,978
1142,955,977
1143,954,975
1144,953,974
1145,955,975
1146,958,978
1147,958,978
1148,957,977
1149,957,974
1150,956,974
1151,958,976
1152,960,979
1153,966,978
1154,966,977
1155,964,976
1156,963,975
1157,967,976
1158,968,979
1159,969,979
1160,968,978
1161,969,978
1162,970,979
1163,971,983
1164,974,982
1165,978,980
1166,975,983
1167,976,980
1168,973,980
1169,973,982
1170,975,986
1171,977,988
1172,973,988
1173,971,987
1174,972,986
1175,973,986
1176,970,987
1177,971,983
1178,968,984
1179,973,980
1180,974,980
1181,975,980
1182,971,982
1183,968,979
1184,964,980
1185,961,976
1186,959,975
1187,957,977
1188,955,978
1189,958,975
1190,957,975
1191,955,974
1192,952,973
1193,954,978
1194,956,979
1195,957,978
1196,955,975
1197,952,973
1198,951,971
1199,949,973
1200,950,975
1201,951,972
1202,951,974
1203,948,972
1204,949,970
1205,949,976
1206,951,975
1207,950,974
1208,952,974
1209,950,974
1210,948,971
1211,951,973
1212,952,975
1213,954,973
1214,953,971
1215,950,968
1216,947,963
1217,945,960
1218,938,954
1219,935,948
1220,927,946
1221,921,955
1222,911,976
1223,913,1002
1224,929,1020
1225,953,1032
1226,980,1046
1227,1013,1068
1228,1061,1094
1229,1119,1112
1230,1165,1103
1231,1188,1055
1232,1180,990
1233,1131,948
1234,1053,942
1235,984,953
1236,940,960
1237,924,963
1238,928,964
1239,934,965
1240,942,965
1241,944,967
1242,946,964
1243,946,962
1244,944,963
1245,943,963
1246,939,965
1247,939,970
1248,943,970
1249,945,967
1250,943,963
1251,943,962
1252,941,964
1253,943,966
1254,947,969
1255,946,967
1256,945,967
1257,945,963
1258,945,966
1259,945,966
1260,947,967
1261,946,967
1262,946,966
1263,944,964
1264,939,965
1265,942,967
1266,944,969
1267,945,966
1268,944,965
1269,943,969
1270,939,967
1271,941,967
1272,943,972
1273,943,970
1274,943,971
1275,942,967
1276,941,966
1277,943,965
1278,940,968
1279,943,966
1280,942,965
1281,942,964
1282,940,962
1283,941,963
1284,943,965
1285,945,964
1286,945,968
1287,945,966
1288,944,963
1289,945,966
1290,945,967
1291,943,963
1292,943,962
1293,940,961
1294,937,963
1295,941,965
1296,943,966
1297,945,965
1298,946,964
1299,941,963
1300,943,959
1301,943,962
1302,944,964
1303,945,962
1304,945,957
1305,943,956
1306,940,954
1307,941,953
1308,944,956
1309,945,954
1310,944,951
1311,943,948
1312,939,944
1313,939,947
1314,939,948
1315,940,946
1316,939,944
1317,934,943
1318,935,943
1319,934,943
1320,937,941
1321,935,941
1322,930,940
1323,933,941
1324,932,939
1325,936,942
1326,937,945
1327,939,947
1328,938,943
1329,935,945
1330,934,945
1331,935,949
1332,938,950
1333,940,949
1334,942,949
1335,939,950
1336,940,952
1337,943,955
1338,948,960
1339,950,963
1340,951,963
1341,951,964
1342,951,967
1343,955,969
1344,958,972
1345,961,975
1346,963,975
1347,963,974
1348,960,973
1349,962,975
1350,962,978
1351,963,977
1352,962,975
1353,961,973
1354,960,973
1355,961,979
1356,963,978
1357,963,977
1358,965,976
1359,962,974
1360,960,975
1361,962,979
1362,961,981
1363,965,980
1364,964,976
1365,963,974
1366,964,973
1367,967,975
1368,968,976
1369,966,977
1370,965,975
1371,963,973
1372,959,974
1373,963,977
1374,964,978
1375,964,974
1376,961,972
1377,959,969
1378,957,968
1379,959,969
1380,961,972
1381,960,970
1382,957,973
1383,958,971
1384,956,973
1385,959,971
1386,959,972
1387,960,971
1388,961,971
1389,957,969
1390,957,970
1391,955,971
1392,957,973
1393,959,973
1394,958,971
1395,961,969
1396,957,966
1397,958,969
1398,958,972
1399,958,970
1400,958,971
1401,957,970
1402,956,971
1403,958,971
1404,960,974
1405,961,971
1406,959,971
1407,957,970
1408,953,970
1409,955,971
1410,956,973
1411,957,972
1412,960,973
1413,959,970
1414,954,970
1415,958,967
1416,961,971
1417,961,972
1418,958,971
1419,958,970
1420,957,971
1421,957,972
1422,958,974
1423,958,971
1424,958,971
1425,956,970
1426,956,971
1427,956,973
1428,959,975
1429,959,973
1430,959,969
1431,955,969
1432,954,969
1433,956,973
1434,958,973
1435,960,972
1436,962,971
1437,963,967
1438,963,968
1439,969,971
1440,970,972
1441,973,973
1442,972,974
1443,971,973
1444,972,974
1445,974,976
1446,977,978
1447,977,977
1448,980,979
1449,977,977
1450,977,976
1451,980,979
1452,978,981
1453,979,977
1454,977,978
1455,975,979
1456,973,981
1457,976,983
1458,978,984
1459,978,982
1460,974,979
1461,973,978
1462,974,979
1463,978,981
1464,983,982
1465,985,977
1466,982,976
1467,978,973
1468,970,975
1469,970,977
1470,967,978
1471,967,977
1472,962,975
1473,958,970
1474,956,972
1475,956,974
1476,955,976
1477,954,976
1478,954,973
1479,956,972
1480,953,971
1481,955,973
1482,956,975
1483,956,975
1484,955,972
1485,953,973
1486,950,972
1487,953,973
1488,950,976
1489,955,976
1490,956,972
1491,952,972
1492,948,974
1493,952,976
1494,955,977
1495,954,976
1496,954,973
1497,953,970
1498,948,967
1499,946,966
1500,945,962
1501,939,958
1502,933,951
1503,929,950
1504,922,954
1505,915,972
1506,916,997
1507,925,1020
1508,943,1031
1509,965,1043
1510,992,1061
1511,1032,1087
1512,1087,1114
1513,1143,1127
1514,1184,1114
1515,1201,1059
1516,1183,988
1517,1128,947
1518,1050,945
1519,981,955
1520,939,962
1521,924,966
1522,926,969
1523,934,971
1524,944,977
1525,946,974
1526,945,971
1527,945,973
1528,944,975
1529,946,976
1530,948,976
1531,947,974
1532,947,972
1533,944,971
1534,942,969
1535,942,973
1536,946,976
1537,946,975
1538,943,972
1539,943,972
1540,941,971
1541,942,974
1542,945,974
1543,945,975
1544,944,974
1545,941,971
1546,941,973
1547,941,974
1548,944,975
1549,946,975
1550,946,973
1551,942,972
1552,941,974
1553,943,976
1554,945,981
1555,945,978
1556,945,974
1557,943,974
1558,942,973
1559,942,976
1560,944,980
1561,946,977
1562,945,977
1563,942,976
1564,939,973
1565,941,975
1566,943,979
1567,942,978
1568,943,977
1569,941,976
1570,939,976
1571,939,976
1572,942,978
1573,945,975
1574,946,973
1575,944,974
1576,942,974
1577,942,977
1578,944,976
1579,946,977
1580,942,973
1581,940,973
1582,940,973
1583,941,974
1584,941,977
1585,943,972
1586,940,973
1587,941,970
1588,939,967
1589,942,967
1590,944,968
1591,943,967
1592,944,967
1593,944,963
1594,942,965
1595,944,967
1596,945,966
1597,945,963
1598,943,960
1599,942,957
1600,939,956
1601,939,961
1602,942,961
1603,942,958
1604,940,955
1605,938,954
1606,935,953
1607,936,951
1608,937,953
1609,938,951
1610,938,950
1611,934,949
1612,935,949
1613,935,950
1614,937,953
1615,937,952
1616,935,956
1617,936,956
1618,934,958
1619,938,961
1620,938,966
1621,941,969
1622,944,971
1623,944,972
1624,947,975
1625,951,979
1626,957,983
1627,958,984
1628,959,986
1629,958,984
1630,958,987
1631,962,989
1632,965,992
1633,967,993
1634,966,991
1635,966,992
1636,962,990
1637,965,994
1638,967,995
1639,968,994
1640,964,995
1641,966,995
1642,965,993
1643,966,994
1644,968,997
1645,969,995
1646,969,995
1647,966,994
1648,966,995
1649,967,996
1650,970,998
1651,970,997
1652,970,996
1653,969,995
1654,966,991
1655,967,993
1656,969,995
1657,969,994
1658,966,992
1659,965,992
1660,963,992
1661,965,995
1662,965,996
1663,967,994
1664,966,991
1665,964,990
1666,963,991
1667,962,991
1668,965,994
1669,964,994
1670,963,991
1671,962,990
1672,959,988
1673,959,991
1674,961,993
1675,962,992
1676,961,991
1677,961,989
1678,959,988
1679,960,991
1680,962,994
1681,960,990
1682,961,990
1683,958,987
1684,958,989
1685,960,989
1686,962,992
1687,962,991
1688,962,990
1689,958,988
1690,957,989
1691,958,990
1692,960,992
1693,959,992
1694,959,990
1695,958,986
1696,957,991
1697,958,992
1698,959,993
1699,959,992
1700,960,993
1701,959,991
1702,958,987
1703,959,989
1704,961,994
1705,963,993
1706,959,991
1707,961,990
1708,957,990
1709,958,991
1710,962,994
1711,960,992
1712,958,990
1713,958,989
1714,957,988
1715,958,993
1716,958,994
1717,960,995
1718,960,992
1719,958,991
1720,958,992
1721,959,992
1722,961,995
1723,961,994
1724,961,994
1725,958,992
1726,958,992
1727,960,994
1728,961,994
1729,963,994
1730,963,993
1731,965,992
1732,961,992
1733,964,994
1734,969,998
1735,973,994
1736,973,993
1737,972,992
1738,971,994
1739,973,999
1740,977,1000
1741,978,1001
1742,979,999
1743,980,997
1744,980,996
1745,981,998
1746,984,1003
1747,983,1003
1748,983,1004
1749,979,1003
1750,977,1006
1751,976,1008
1752,978,1009
1753,981,1006
1754,976,1006
1755,976,1004
1756,974,1004
1757,977,1005
1758,982,1006
1759,984,1002
1760,980,999
1761,973,998
1762,969,1000
1763,967,1000
1764,964,1002
1765,963,1002
1766,960,1000
1767,958,998
1768,959,996
1769,960,995
1770,958,999
1771,958,998
1772,957,994
1773,956,995
1774,955,996
1775,956,996
1776,957,1000
1777,960,997
1778,959,995
1779,957,992
1780,955,994
1781,955,997
1782,955,999
1783,957,997
1784,956,995
1785,955,994
1786,953,992
1787,956,995
1788,956,997
1789,956,997
1790,956,999
1791,955,992
1792,953,989
1793,951,985
1794,950,982
1795,943,978
1796,935,970
1797,928,966
1798,925,968
1799,920,985
1800,917,1014
1801,923,1041
1802,941,1063
1803,968,1085
1804,997,1108
1805,1037,1137
1806,1084,1165
1807,1140,1184
1808,1186,1183
1809,1213,1143
1810,1208,1071
1811,1179,1009
1812,1113,986
1813,1028,987
1814,965,993
1815,935,990
1816,930,991
1817,939,993
1818,948,995
1819,952,993
1820,952,986
1821,950,984
1822,948,985
1823,948,989
1824,949,989
1825,950,988
1826,951,987
1827,950,984
1828,947,985
1829,947,984
1830,949,985
1831,950,986
1832,950,985
1833,947,984
1834,945,984
1835,947,986
1836,947,988
1837,946,987
1838,947,985
1839,945,982
1840,942,982
1841,944,989
1842,945,986
1843,948,987
1844,945,987
1845,945,985
1846,944,984
1847,944,985
1848,945,988
1849,946,986
1850,946,985
1851,945,986
1852,943,985
1853,946,989
1854,947,989
1855,949,987
1856,949,986
1857,948,985
1858,946,986
1859,947,987
1860,950,990
1861,950,990
1862,950,986
1863,949,984
1864,947,984
1865,950,988
1866,946,989
1867,949,985
1868,950,989
1869,948,986
1870,946,986
1871,946,986
1872,947,988
1873,949,986
1874,949,982
1875,947,983
1876,945,984
1877,946,982
1878,947,985
1879,949,983
1880,948,981
1881,947,978
1882,946,981
1883,948,979
1884,948,983
1885,950,981
1886,950,977
1887,951,975
1888,946,975
1889,951,976
1890,951,975
1891,952,977
1892,949,972
1893,948,971
1894,944,970
1895,946,971
1896,949,971
1897,949,970
1898,950,967
1899,947,964
1900,946,965
1901,946,965
1902,946,965
1903,946,963
1904,949,962
1905,947,960
1906,945,959
1907,948,960
1908,950,962
1909,949,960
1910,949,960
1911,946,959
1912,943,962
1913,949,968
1914,950,968
1915,952,968
1916,949,971
1917,947,971
1918,948,974
1919,950,979
1920,952,984
1921,955,985
1922,955,986
1923,958,988
1924,958,990
1925,961,994
1926,962,997
1927,965,1001
1928,967,999
1929,967,998
1930,965,1000
1931,968,1003
1932,970,1004
1933,968,1004
1934,968,1004
1935,968,1001
1936,966,1000
1937,966,1003
1938,968,1004
1939,969,1003
1940,968,1001
1941,967,1000
1942,966,1002
1943,966,1003
1944,968,1005
1945,968,1004
1946,967,1002
1947,966,1000
1948,964,1000
1949,965,1001
1950,967,1003
1951,968,1003
1952,967,1005
1953,967,1003
1954,965,1000
1955,967,1001
1956,968,1003
1957,969,1002
1958,968,999
1959,966,1001
1960,962,998
1961,963,1001
1962,967,1005
1963,970,1004
1964,970,1002
1965,969,1001
1966,967,1001
1967,967,1003
1968,970,1004
1969,971,1002
1970,971,1004
1971,971,1004
1972,968,1003
1973,971,1005
1974,975,1005
1975,977,1005
1976,977,1002
1977,974,1001
1978,974,1002
1979,975,1003
1980,981,1003
1981,980,1001
1982,975,1001
1983,973,997
1984,978,999
1985,983,997
1986,982,999
1987,980,998
1988,978,994
1989,976,993
1990,976,991
1991,975,991
1992,974,990
1993,970,989
1994,967,990
1995,961,989
1996,960,990
1997,960,991
1998,962,992
1999,958,992
2000,956,990
2001,955,988
2002,952,990
2003,951,993
2004,952,993
2005,954,992
2006,953,992
2007,949,989
2008,947,990
2009,949,993
2010,950,994
2011,951,992
2012,951,993
2013,950,991
2014,948,992
2015,952,994
2016,954,994
2017,953,995
2018,953,993
2019,954,991
2020,951,993
2021,954,997
2022,954,998
2023,956,995
2024,953,993
2025,954,992
2026,949,992
2027,951,989
2028,949,986
2029,944,977
2030,938,974
2031,929,965
2032,920,961
2033,920,965
2034,914,986
2035,910,1007
2036,916,1036
2037,935,1059
2038,963,1077
2039,996,1100
2040,1029,1121
2041,1076,1142
2042,1126,1157
2043,1171,1157
2044,1193,1124
2045,1199,1065
2046,1171,1009
2047,1104,981
2048,1019,983
2049,957,988
2050,928,989
2051,930,991
2052,941,995
2053,949,995
2054,951,992
2055,947,991
2056,944,990
2057,948,993
2058,946,993
2059,949,993
2060,947,990
2061,945,989
2062,943,990
2063,946,993
2064,948,993
2065,947,992
2066,947,991
2067,945,988
2068,944,989
2069,943,990
2070,944,992
2071,946,992
2072,946,990
2073,945,988
2074,944,988
2075,946,990
2076,947,991
2077,946,991
2078,947,989
2079,942,988
2080,940,987
2081,943,990
2082,942,992
2083,946,991
2084,946,989
2085,946,989
2086,944,989
2087,944,988
2088,946,990
2089,949,992
2090,948,990
2091,945,988
2092,944,987
2093,946,990
2094,944,992
2095,946,988
2096,945,988
2097,942,987
2098,941,987
2099,943,991
2100,947,993
2101,947,990
2102,948,989
2103,944,985
2104,944,985
2105,945,986
2106,946,989
2107,948,989
2108,949,986
2109,945,986
2110,945,986
2111,947,987
2112,948,986
2113,949,981
2114,947,980
2115,946,981
2116,944,979
2117,944,981
2118,947,984
2119,948,978
2120,945,979
2121,946,975
2122,944,976
2123,945,975
2124,947,980
2125,948,975
2126,947,972
2127,945,968
2128,943,968
2129,944,967
2130,946,970
2131,948,967
2132,948,965
2133,947,963
2134,943,963
2135,945,961
2136,944,963
2137,946,962
2138,944,958
2139,943,959
2140,939,958
2141,940,961
2142,943,962
2143,944,961
2144,943,962
2145,943,960
2146,941,963
2147,944,966
2148,946,969
2149,948,970
2150,947,971
2151,945,971
2152,943,973
2153,946,975
2154,950,979
2155,950,981
2156,950,981
2157,947,981
2158,950,982
2159,953,983
2160,955,987
2161,956,988
2162,957,986
2163,956,986
2164,953,990
2165,957,993
2166,959,996
2167,962,995
2168,963,991
2169,963,992
2170,960,992
2171,961,994
2172,962,995
2173,963,996
2174,963,994
2175,958,994
2176,959,990
2177,955,993
2178,959,995
2179,961,998
2180,961,996
2181,963,994
2182,962,995
2183,962,994
2184,964,997
2185,963,996
2186,963,993
2187,961,994
2188,960,991
2189,959,995
2190,961,995
2191,963,993
2192,961,992
2193,959,992
2194,959,989
2195,958,993
2196,961,993
2197,961,994
2198,962,992
2199,958,991
2200,956,991
2201,957,989
2202,958,991
2203,955,991
2204,953,991
2205,951,990
2206,950,991
2207,955,992
2208,956,992
2209,956,991
2210,955,990
2211,952,985
2212,951,987
2213,952,988
2214,952,990
2215,955,991
2216,953,987
2217,951,988
2218,954,987
2219,952,990
2220,954,989
2221,956,989
2222,955,989
2223,953,988
2224,950,989
2225,954,993
2226,954,992
2227,954,990
2228,955,988
2229,954,984
2230,953,985
2231,952,991
2232,955,992
2233,953,992
2234,954,991
2235,952,987
2236,950,986
2237,953,988
2238,953,990
2239,954,990
2240,953,990
2241,952,988
2242,946,988
2243,947,990
2244,952,988
2245,952,988
2246,950,984
2247,950,985
2248,946,985
2249,949,993
2250,950,995
2251,954,991
2252,956,988
2253,955,987
2254,952,988
2255,952,990
2256,954,992
2257,954,992
2258,957,990
2259,952,988
2260,951,986
2261,951,988
2262,952,991
2263,952,990
2264,951,987
2265,949,985
2266,947,987
2267,947,987
2268,951,987
2269,950,987
2270,949,986
2271,950,988
2272,949,986
2273,951,986
2274,953,988
2275,953,986
2276,952,986
2277,951,985
2278,950,985
2279,952,987
2280,954,989
2281,956,985
2282,955,988
2283,956,988
2284,954,987
2285,955,986
2286,954,989
2287,952,986
2288,954,986
2289,952,982
2290,950,983
2291,952,987
2292,952,988
2293,953,988
2294,952,986
2295,949,981
2296,949,980
2297,950,983
2298,954,985
2299,953,986
2300,952,985
2301,951,981
2302,949,977
2303,950,982
2304,951,984
2305,952,982
2306,953,983
2307,952,981
2308,952,981
2309,954,983
2310,956,984
2311,955,986
2312,955,980
2313,953,979
2314,952,979
2315,952,983
2316,951,984
2317,955,983
2318,953,983
2319,954,982
2320,952,982
2321,953,985
2322,952,985
2323,955,985
2324,957,984
2325,958,979
2326,958,979
2327,962,983
2328,963,986
2329,964,985
2330,963,986
2331,965,984
2332,963,987
2333,967,988
2334,969,991
2335,971,990
2336,973,988
2337,973,989
2338,972,990
2339,971,991
2340,973,994
2341,973,993
2342,972,991
2343,968,990
2344,966,991
2345,968,991
2346,970,993
2347,973,990
2348,969,988
2349,966,990
2350,960,991
2351,964,992
2352,965,992
2353,970,988
2354,971,986
2355,970,983
2356,967,986
2357,964,986
2358,962,990
2359,961,987
2360,960,986
2361,954,985
2362,950,979
2363,951,981
2364,951,984
2365,951,983
2366,950,983
2367,950,983
2368,950,980
2369,948,982
2370,952,982
2371,949,982
2372,949,981
2373,944,979
2374,940,977
2375,943,978
2376,944,983
2377,947,981
2378,948,979
2379,944,979
2380,941,980
2381,943,980
2382,945,981
2383,945,979
2384,945,979
2385,942,973
2386,938,969
2387,936,966
2388,933,966
2389,926,961
2390,927,958
2391,920,963
2392,910,975
2393,909,1001
2394,919,1019
2395,940,1030
2396,963,1040
2397,986,1055
2398,1020,1077
2399,1068,1101
2400,1121,1124
2401,1167,1133
2402,1193,1114
2403,1201,1067
2404,1182,1006
2405,1136,959
2406,1069,946
2407,1010,947
2408,967,951
2409,939,957
2410,924,965
2411,914,967
2412,917,970
2413,924,971
2414,931,970
2415,934,969
2416,934,967
2417,937,971
2418,940,974
2419,942,972
2420,942,972
2421,941,971
2422,940,970
2423,939,971
2424,940,975
2425,938,972
2426,938,973
2427,936,968
2428,934,972
2429,934,974
2430,938,974
2431,938,973
2432,938,973
2433,935,972
2434,935,972
2435,936,973
2436,939,979
2437,938,976
2438,938,975
2439,939,971
2440,935,969
2441,935,974
2442,938,975
2443,937,978
2444,937,976
2445,935,973
2446,935,974
2447,937,974
2448,938,975
2449,939,977
2450,938,976
2451,938,974
2452,936,974
2453,940,975
2454,938,980
2455,939,975
2456,938,975
2457,936,976
2458,936,973
2459,938,975
2460,938,979
2461,941,976
2462,939,974
2463,938,972
2464,933,971
2465,935,973
2466,935,976
2467,938,974
2468,938,974
2469,936,971
2470,936,972
2471,937,972
2472,938,971
2473,941,969
2474,941,970
2475,939,970
2476,939,970
2477,940,970
2478,943,975
2479,943,971
2480,941,971
2481,941,970
2482,939,967
2483,938,972
2484,943,975
2485,943,973
2486,943,971
2487,943,967
2488,938,965
2489,941,964
2490,942,965
2491,941,967
2492,938,960
2493,935,959
2494,931,957
2495,932,957
2496,934,958
2497,933,954
2498,932,955
2499,931,951
2500,927,948
2501,925,949
2502,929,949
2503,926,947
2504,924,947
2505,925,944
2506,921,944
2507,924,945
2508,927,946
2509,926,946
2510,927,944
2511,924,943
2512,924,942
2513,926,948
2514,928,953
2515,932,954
2516,932,956
2517,930,955
2518,931,957
2519,936,962
2520,938,967
2521,939,968
2522,942,970
2523,942,973
2524,944,975
2525,946,977
2526,948,982
2527,953,981
2528,954,980
2529,953,980
2530,954,981
2531,956,986
2532,958,988
2533,959,988
2534,963,987
2535,960,985
2536,961,985
2537,963,986
2538,964,990
2539,963,990
2540,963,987
2541,962,987
2542,958,987
2543,962,988
2544,961,990
2545,961,986
2546,960,988
2547,959,985
2548,959,986
2549,959,990
2550,962,990
2551,962,989
2552,961,986
2553,959,985
2554,958,986
2555,959,987
2556,959,987
2557,961,988
2558,960,987
2559,958,986
2560,957,983
2561,958,985
2562,961,987
2563,960,987
2564,960,987
2565,957,983
2566,957,983
2567,959,988
2568,959,985
2569,960,985
2570,960,983
2571,959,982
2572,954,979
2573,955,982
2574,955,984
2575,957,984
2576,955,983
2577,953,982
2578,953,979
2579,953,982
2580,955,984
2581,957,984
2582,957,983
2583,955,982
2584,953,984
2585,956,985
2586,957,987
2587,958,983
2588,957,982
2589,955,980
2590,954,981
2591,954,983
2592,956,984
2593,957,981
2594,958,982
2595,952,979
2596,953,980
2597,955,981
2598,957,984
2599,955,982
2600,954,983
2601,952,981
2602,948,981
2603,950,981
2604,955,984
2605,955,984
2606,954,982
2607,953,980
2608,951,982
2609,952,985
2610,955,984
2611,955,986
2612,954,982
2613,952,980
2614,952,981
2615,954,984
2616,953,987
2617,956,985
2618,955,984
2619,953,984
2620,953,983
2621,953,985
2622,956,987
2623,956,986
2624,955,985
2625,951,984
2626,950,984
2627,954,984
2628,958,986
2629,960,984
2630,961,986
2631,965,984
2632,963,985
2633,965,988
2634,964,992
2635,967,988
2636,969,988
2637,972,987
2638,969,988
2639,971,992
2640,972,995
2641,974,993
2642,975,990
2643,973,990
2644,971,993
2645,972,995
2646,972,998
2647,974,997
2648,972,996
2649,968,997
2650,968,996
2651,969,996
2652,967,999
2653,968,998
2654,973,994
2655,975,991
2656,975,991
2657,972,991
2658,967,993
2659,966,994
2660,964,991
2661,960,988
2662,957,985
2663,953,989
2664,954,990
2665,953,989
2666,953,987
2667,949,985
2668,947,986
2669,948,989
2670,952,987
2671,954,986
2672,952,983
2673,951,981
2674,950,981
2675,950,985
2676,951,988
2677,952,986
2678,951,984
2679,950,984
2680,947,981
2681,947,984
2682,951,988
2683,952,985
2684,948,984
2685,947,983
2686,945,982
2687,945,984
2688,947,983
2689,948,977
2690,945,972
2691,939,967
2692,931,964
2693,924,959
2694,921,960
2695,918,966
2696,912,986
2697,907,1013
2698,918,1034
2699,942,1054
2700,973,1073
2701,1003,1093
2702,1045,1113
2703,1095,1130
2704,1144,1143
2705,1186,1128
2706,1202,1079
2707,1190,1007
2708,1140,964
2709,1061,957
2710,983,967
2711,934,974
2712,919,975
2713,925,977
2714,931,981
2715,937,978
2716,941,978
2717,941,976
2718,941,977
2719,944,977
2720,945,975
2721,943,973
2722,939,974
2723,937,976
2724,941,979
2725,941,978
2726,941,974
2727,941,976
2728,938,973
2729,940,978
2730,942,979
2731,943,979
2732,940,979
2733,942,978
2734,940,976
2735,944,979
2736,945,981
2737,947,981
2738,944,979
2739,944,977
2740,944,976
2741,944,979
2742,945,983
2743,944,982
2744,944,979
2745,944,978
2746,942,977
2747,945,979
2748,942,981
2749,944,980
2750,945,978
2751,943,977
2752,942,978
2753,941,981
2754,943,981
2755,944,981
2756,945,979
2757,943,977
2758,941,977
2759,943,978
2760,941,981
2761,942,979
2762,943,979
2763,943,977
2764,942,975
2765,943,976
2766,944,979
2767,945,982
2768,943,978
2769,943,978
2770,944,975
2771,945,980
2772,946,979
2773,945,977
2774,946,975
2775,945,974
2776,940,974
2777,941,976
2778,943,976
2779,944,975
2780,944,974
2781,941,970
2782,940,970
2783,942,971
2784,945,972
2785,944,968
2786,943,965
2787,941,965
2788,937,961
2789,941,962
2790,941,963
2791,944,962
2792,943,959
2793,940,958
2794,938,954
2795,939,956
2796,942,957
2797,942,954
2798,943,954
2799,941,950
2800,939,951
2801,939,953
2802,940,957
2803,942,953
2804,942,951
2805,940,950
2806,938,952
2807,939,957
2808,940,961
2809,943,961
2810,941,963
2811,942,967
2812,942,967
2813,947,970
2814,950,976
2815,952,978
2816,954,980
2817,954,980
2818,954,984
2819,957,988
2820,960,989
2821,963,988
2822,961,987
2823,961,986
2824,960,987
2825,963,988
2826,963,989
2827,965,990
2828,966,991
2829,965,989
2830,965,990
2831,967,991
2832,967,993
2833,970,992
2834,968,992
2835,968,991
2836,965,991
2837,968,992
2838,967,995
2839,969,994
2840,967,992
2841,965,991
2842,963,989
2843,965,994
2844,967,996
2845,967,993
2846,966,992
2847,964,989
2848,962,989
2849,965,990
2850,964,992
2851,966,993
2852,967,991
2853,963,989
2854,962,988
2855,964,990
2856,965,991
2857,963,990
2858,964,987
2859,963,987
2860,960,988
2861,960,989
2862,962,990
2863,964,988
2864,962,987
2865,960,984
2866,956,985
2867,958,987
2868,962,989
2869,961,988
2870,959,987
2871,959,983
2872,955,982
2873,958,986
2874,960,987
2875,960,986
2876,957,984
2877,957,983
2878,953,981
2879,956,984
2880,960,988
2881,961,987
2882,958,984
2883,956,983
2884,956,984
2885,954,983
2886,958,986
2887,958,986
2888,956,988
2889,954,983
2890,953,984
2891,955,985
2892,957,988
2893,957,987
2894,956,987
2895,956,984
2896,955,984
2897,957,988
2898,957,988
2899,959,987
2900,959,987
2901,957,984
2902,956,985
2903,956,989
2904,960,989
2905,961,987
2906,960,986
2907,957,985
2908,957,983
2909,960,987
2910,959,992
2911,961,990
2912,960,986
2913,960,986
2914,955,986
2915,957,988
2916,960,990
2917,962,992
2918,960,990
2919,960,987
2920,956,985
2921,958,988
2922,960,989
2923,962,990
2924,962,990
2925,962,985
2926,965,984
2927,968,988
2928,973,990
2929,974,989
2930,974,988
2931,973,988
2932,972,990
2933,976,993
2934,980,997
2935,978,995
2936,978,992
2937,981,992
2938,980,992
2939,979,996
2940,978,1000
2941,978,1000
2942,977,998
2943,975,998
2944,973,999
2945,976,999
2946,977,1001
2947,975,1002
2948,977,998
2949,978,995
2950,980,993
2951,985,996
2952,980,996
2953,975,995
2954,972,994
2955,970,992
2956,966,991
2957,964,992
2958,963,994
2959,963,991
2960,960,987
2961,958,988
2962,954,987
2963,954,990
2964,957,993
2965,957,989
2966,957,986
2967,956,985
2968,954,985
2969,954,988
2970,955,989
2971,957,988
2972,955,988
2973,953,986
2974,950,990
2975,954,988
2976,955,989
2977,957,988
2978,957,987
2979,957,984
2980,953,985
2981,953,984
2982,955,979
2983,953,973
2984,945,965
2985,934,958
2986,928,956
2987,923,963
2988,919,985
2989,915,1011
2990,924,1038
2991,945,1060
2992,973,1081
2993,1010,1107
2994,1053,1135
2995,1109,1158
2996,1161,1164
2997,1199,1135
2998,1209,1066
2999,1183,999
3000,1118,971
3001,1028,976
3002,959,981
3003,930,981
3004,927,978
3005,942,980
3006,951,982
3007,953,977
3008,951,977
3009,948,977
3010,947,978
3011,948,979
3012,950,982
3013,950,981
3014,949,979
3015,947,976
3016,945,974
3017,947,978
3018,948,978
3019,947,979
3020,949,978
3021,946,976
3022,943,977
3023,943,978
3024,946,979
3025,947,978
3026,947,975
3027,946,977
3028,942,977
3029,944,980
3030,946,980
3031,947,979
3032,947,978
3033,945,975
3034,946,979
3035,945,980
3036,948,982
3037,949,982
3038,948,980
3039,947,976
3040,944,977
3041,947,979
3042,948,982
3043,949,984
3044,948,979
3045,945,979
3046,945,979
3047,947,979
3048,949,981
3049,950,981
3050,951,977
3051,947,976
3052,945,976
3053,947,977
3054,947,980
3055,950,979
3056,949,977
3057,950,975
3058,949,975
3059,949,978
3060,950,979
3061,953,980
3062,951,975
3063,948,974
3064,949,973
3065,950,973
3066,948,976
3067,951,974
3068,950,972
3069,949,969
3070,946,967
3071,948,969
3072,949,968
3073,948,966
3074,950,964
3075,949,963
3076,948,961
3077,947,962
3078,947,961
3079,950,959
3080,949,957
3081,949,954
3082,948,955
3083,948,956
3084,948,957
3085,948,954
3086,949,952
3087,946,950
3088,945,951
3089,947,952
3090,947,955
3091,949,956
3092,949,954
3093,947,953
3094,947,955
3095,946,959
3096,950,963
3097,951,964
3098,951,967
3099,949,967
3100,947,968
3101,954,971
3102,955,978
3103,959,977
3104,959,976
3105,958,975
3106,959,979
3107,959,981
3108,961,985
3109,961,988
3110,961,988
3111,964,986
3112,964,988
3113,967,991
3114,970,996
3115,971,993
3116,972,991
3117,969,992
3118,967,993
3119,971,995
3120,973,997
3121,974,994
3122,970,991
3123,968,990
3124,967,994
3125,967,995
3126,968,995
3127,970,995
3128,970,992
3129,970,990
3130,967,990
3131,968,993
3132,969,997
3133,970,995
3134,971,993
3135,969,991
3136,966,988
3137,967,991
3138,967,994
3139,969,992
3140,970,994
3141,968,990
3142,965,989
3143,968,991
3144,970,993
3145,970,991
3146,969,989
3147,967,988
3148,964,989
3149,965,991
3150,966,992
3151,965,991
3152,964,987
3153,966,985
3154,963,987
3155,965,987
3156,966,990
3157,965,989
3158,966,990
3159,962,987
3160,960,988
3161,961,987
3162,961,988
3163,964,989
3164,963,987
3165,961,986
3166,958,987
3167,960,990
3168,963,992
3169,961,987
3170,963,987
3171,961,986
3172,959,984
3173,962,985
3174,965,991
3175,964,989
3176,963,988
3177,962,986
3178,959,985
3179,961,986
3180,961,992
3181,963,989
3182,963,991
3183,959,987
3184,960,988
3185,960,988
3186,962,993
3187,963,990
3188,960,988
3189,960,988
3190,960,987
3191,962,991
3192,963,994
3193,966,992
3194,967,991
3195,966,988
3196,963,988
3197,962,991
3198,964,994
3199,964,993
3200,962,993
3201,961,990
3202,961,989
3203,962,991
3204,965,993
3205,964,994
3206,965,993
3207,961,991
3208,962,991
3209,966,992
3210,971,992
3211,976,991
3212,973,990
3213,976,989
3214,974,992
3215,979,997
3216,979,996
3217,981,995
3218,982,996
3219,984,995
3220,985,997
3221,985,999
3222,988,1001
3223,989,1001
3224,988,999
3225,983,998
3226,981,1003
3227,982,1005
3228,982,1005
3229,982,1005
3230,982,1005
3231,981,1005
3232,979,1001
3233,982,1000
3234,988,1000
3235,990,998
3236,987,997
3237,976,999
3238,973,996
3239,973,997
3240,970,1000
3241,969,994
3242,967,994
3243,964,993
3244,964,992
3245,961,995
3246,963,996
3247,964,995
3248,965,995
3249,964,992
3250,961,991
3251,962,993
3252,962,995
3253,964,993
3254,964,993
3255,963,990
3256,961,991
3257,959,992
3258,960,993
3259,960,992
3260,960,990
3261,959,990
3262,956,991
3263,957,991
3264,959,995
3265,961,990
3266,960,986
3267,955,979
3268,950,974
3269,945,970
3270,939,968
3271,935,963
3272,931,966
3273,922,984
3274,918,1009
3275,927,1032
3276,950,1051
3277,977,1067
3278,1006,1088
3279,1045,1111
3280,1099,1132
3281,1155,1140
3282,1188,1117
3283,1197,1053
3284,1171,993
3285,1114,967
3286,1036,974
3287,970,984
3288,938,988
3289,932,986
3290,941,986
3291,947,987
3292,951,985
3293,953,987
3294,953,989
3295,955,986
3296,954,985
3297,954,983
3298,952,983
3299,955,987
3300,956,991
3301,956,987
3302,957,986
3303,957,982
3304,953,982
3305,955,984
3306,956,986
3307,957,987
3308,956,985
3309,954,982
3310,951,982
3311,952,986
3312,951,988
3313,954,986
3314,955,985
3315,951,981
3316,952,981
3317,954,985
3318,953,987
3319,954,988
3320,953,987
3321,954,984
3322,952,983
3323,957,986
3324,957,988
3325,958,987
3326,956,985
3327,954,985
3328,954,985
3329,955,986
3330,957,987
3331,955,985
3332,953,985
3333,953,983
3334,950,984
3335,953,986
3336,954,987
3337,955,985
3338,951,982
3339,951,981
3340,950,981
3341,951,983
3342,953,986
3343,955,986
3344,955,983
3345,955,980
3346,956,981
3347,957,983
3348,959,982
3349,957,980
3350,955,978
3351,954,976
3352,954,973
3353,953,976
3354,953,979
3355,952,978
3356,954,974
3357,952,974
3358,951,972
3359,955,972
3360,955,973
3361,958,972
3362,954,967
3363,955,965
3364,953,964
3365,954,967
3366,956,968
3367,957,966
3368,954,963
3369,951,961
3370,948,960
3371,947,962
3372,953,963
3373,952,962
3374,953,960
3375,950,959
3376,947,957
3377,950,960
3378,950,964
3379,954,964
3380,955,964
3381,951,967
3382,951,968
3383,952,972
3384,955,976
3385,958,977
3386,958,979
3387,958,978
3388,957,979
3389,961,986
3390,962,988
3391,967,987
3392,966,988
3393,966,985
3394,964,988
3395,968,990
3396,969,992
3397,972,990
3398,972,990
3399,970,988
3400,971,988
3401,973,990
3402,974,993
3403,975,993
3404,975,992
3405,973,988
3406,971,989
3407,972,991
3408,973,992
3409,976,990
3410,974,989
3411,973,986
3412,969,986
3413,969,989
3414,971,991
3415,970,989
3416,969,988
3417,968,987
3418,966,987
3419,968,987
3420,969,991
3421,970,987
3422,970,987
3423,968,983
3424,966,982
3425,968,985
3426,967,990
3427,969,988
3428,966,987
3429,968,986
3430,966,984
3431,968,984
3432,967,985
3433,969,984
3434,968,983
3435,965,982
3436,963,981
3437,964,983
3438,964,983
3439,963,980
3440,961,981
3441,960,979
3442,962,981
3443,962,982
3444,964,986
3445,962,983
3446,962,981
3447,960,980
3448,959,979
3449,962,982
3450,960,984
3451,962,983
3452,962,981
3453,961,980
3454,959,979
3455,961,981
3456,963,983
3457,961,985
3458,962,981
3459,960,978
3460,959,977
3461,959,980
3462,960,983
3463,963,980
3464,963,978
3465,964,976
3466,961,977
3467,964,981
3468,962,982
3469,961,983
3470,963,983
3471,962,982
3472,960,981
3473,962,980
3474,964,983
3475,965,980
3476,964,978
3477,961,979
3478,959,979
3479,959,985
3480,963,985
3481,962,980
3482,966,978
3483,961,974
3484,959,976
3485,960,979
3486,966,982
3487,968,982
3488,972,978
3489,972,977
3490,971,976
3491,972,982
3492,974,985
3493,978,985
3494,980,986
3495,980,984
3496,977,985
3497,980,988
3498,983,988
3499,983,986
3500,982,986
3501,982,988
3502,978,987
3503,976,991
3504,978,991
3505,979,989
3506,977,987
3507,974,984
3508,971,985
3509,972,987
3510,975,988
3511,981,985
3512,981,985
3513,975,981
3514,968,984
3515,969,982
3516,969,985
3517,965,979
3518,962,977
3519,959,975
3520,956,975
3521,956,980
3522,959,978
3523,961,980
3524,962,979
3525,961,976
3526,958,979
3527,958,982
3528,959,980
3529,959,978
3530,957,978
3531,955,976
3532,954,975
3533,954,975
3534,954,976
3535,955,977
3536,954,976
3537,951,973
3538,952,973
3539,954,974
3540,953,978
3541,955,976
3542,955,974
3543,954,971
3544,951,966
3545,948,962
3546,943,963
3547,939,957
3548,936,953
3549,930,957
3550,920,970
3551,916,992
3552,926,1014
3553,946,1026
3554,972,1037
3555,1001,1051
3556,1041,1072
3557,1096,1095
3558,1147,1103
3559,1180,1075
3560,1191,1021
3561,1168,965
3562,1106,943
3563,1030,946
3564,973,956
3565,941,963
3566,930,962
3567,931,965
3568,937,965
3569,945,968
3570,949,970
3571,950,971
3572,949,967
3573,949,966
3574,946,966
3575,944,966
3576,948,967
3577,947,966
3578,947,966
3579,947,967
3580,947,967
3581,950,967
3582,950,971
3583,952,971
3584,948,969
3585,948,967
3586,947,968
3587,950,970
3588,950,970
3589,951,969
3590,949,970
3591,947,967
3592,946,964
3593,946,968
3594,947,969
3595,947,967
3596,945,967
3597,946,965
3598,944,966
3599,943,967
3600,946,969
3601,945,971
3602,946,967
3603,943,964
3604,943,963
3605,944,967
3606,949,970
3607,948,968
3608,946,969
3609,945,966
3610,945,968
3611,946,966
3612,946,968
3613,947,968
3614,943,967
3615,944,967
3616,943,967
3617,945,965
3618,946,969
3619,945,968
3620,946,966
3621,944,965
3622,943,965
3623,943,967
3624,946,969
3625,946,965
3626,945,963
3627,944,963
3628,944,960
3629,945,963
3630,948,965
3631,950,964
3632,948,964
3633,947,960
3634,945,960
3635,946,962
3636,948,963
3637,948,961
3638,947,958
3639,946,955
3640,946,953
3641,944,956
3642,944,957
3643,943,954
3644,941,950
3645,940,948
3646,938,948
3647,938,949
3648,939,947
3649,940,943
3650,938,943
3651,935,940
3652,931,938
3653,933,941
3654,936,942
3655,939,941
3656,937,939
3657,934,939
3658,936,939
3659,935,943
3660,939,947
3661,939,946
3662,939,947
3663,938,947
3664,938,948
3665,941,954
3666,941,960
3667,947,961
3668,949,961
3669,947,963
3670,950,963
3671,952,970
3672,954,974
3673,957,977
3674,957,977
3675,959,975
3676,960,976
3677,959,977
3678,963,981
3679,965,980
3680,964,980
3681,966,979
3682,965,980
3683,966,981
3684,966,983
3685,967,981
3686,967,981
3687,967,979
3688,966,979
3689,966,981
3690,967,986
3691,970,985
3692,970,982
3693,968,983
3694,966,983
3695,967,984
3696,969,983
3697,969,983
3698,969,983
3699,966,981
3700,963,982
3701,963,982
3702,964,984
3703,968,984
3704,966,983
3705,963,980
3706,961,982
3707,962,984
3708,965,984
3709,966,985
3710,964,981
3711,963,981
3712,963,980
3713,962,982
3714,964,982
3715,965,982
3716,963,981
3717,963,979
3718,961,978
3719,962,981
3720,962,981
3721,965,981
3722,964,980
3723,963,978
3724,962,980
3725,963,983
3726,963,984
3727,965,980
3728,964,979
3729,961,976
3730,959,978
3731,960,978
3732,960,981
3733,961,979
3734,962,980
3735,959,977
3736,957,979
3737,958,979
3738,960,982
3739,960,979
3740,962,979
3741,958,979
3742,958,978
3743,959,980
3744,962,982
3745,963,980
3746,963,981
3747,960,978
3748,958,977
3749,959,981
3750,964,982
3751,962,981
3752,963,979
3753,961,979
3754,958,977
3755,958,978
3756,958,981
3757,960,979
3758,959,980
3759,959,978
3760,957,979
3761,959,980
3762,961,982
3763,962,981
3764,961,980
3765,960,980
3766,959,979
3767,961,982
3768,962,983
3769,963,981
3770,962,979
3771,961,978
3772,960,976
3773,961,979
3774,962,983
3775,965,981
3776,965,981
3777,963,980
3778,962,978
3779,964,979
3780,968,981
3781,969,979
3782,971,980
3783,969,980
3784,969,979
3785,972,985
3786,976,985
3787,976,983
3788,977,984
3789,976,984
3790,977,985
3791,979,986
3792,981,990
3793,983,990
3794,983,988
3795,982,988
3796,981,987
3797,980,990
3798,980,991
3799,981,988
3800,980,989
3801,980,987
3802,978,989
3803,978,990
3804,976,994
3805,982,994
3806,980,993
3807,978,988
3808,973,988
3809,977,990
3810,982,989
3811,986,988
3812,983,986
3813,979,985
3814,972,984
3815,969,986
3816,968,987
3817,967,984
3818,963,985
3819,960,981
3820,961,982
3821,957,984
3822,959,985
3823,957,983
3824,960,980
3825,959,981
3826,960,979
3827,959,979
3828,959,982
3829,962,983
3830,963,982
3831,960,979
3832,960,978
3833,958,981
3834,960,984
3835,960,981
3836,958,980
3837,958,979
3838,952,982
3839,953,982
3840,958,984
3841,959,982
3842,959,981
3843,957,979
3844,954,977
3845,956,976
3846,955,973
3847,953,966
3848,947,962
3849,939,957
3850,934,952
3851,930,954
3852,927,967
3853,922,989
3854,921,1014
3855,933,1039
3856,959,1062
3857,991,1087
3858,1026,1110
3859,1074,1133
3860,1127,1155
3861,1172,1155
3862,1201,1125
3863,1211,1066
3864,1191,1006
3865,1129,969
3866,1048,966
3867,978,971
3868,939,974
3869,933,973
3870,940,978
3871,948,978
3872,952,974
3873,951,973
3874,949,973
3875,948,974
3876,953,977
3877,953,974
3878,950,974
3879,949,971
3880,947,973
3881,948,974
3882,951,976
3883,950,975
3884,950,973
3885,951,973
3886,948,971
3887,950,976
3888,949,976
3889,951,973
3890,950,973
3891,948,971
3892,949,972
3893,951,974
3894,952,973
3895,952,973
3896,953,973
3897,953,973
3898,950,974
3899,951,975
3900,953,979
3901,954,978
3902,954,975
3903,954,973
3904,952,972
3905,952,975
3906,952,975
3907,954,975
3908,953,976
3909,951,974
3910,950,975
3911,952,975
3912,954,976
3913,953,976
3914,954,974
3915,953,971
3916,950,973
3917,949,976
3918,952,976
3919,954,976
3920,955,973
3921,954,972
3922,950,972
3923,950,973
3924,953,973
3925,954,974
3926,955,972
3927,952,969
3928,950,968
3929,951,968
3930,952,970
3931,954,971
3932,953,967
3933,951,966
3934,951,968
3935,950,968
3936,951,969
3937,954,965
3938,954,963
3939,952,962
3940,952,962
3941,953,960
3942,955,963
3943,954,960
3944,955,955
3945,953,954
3946,950,953
3947,951,953
3948,953,954
3949,952,954
3950,951,952
3951,951,948
3952,948,947
3953,947,948
3954,949,948
3955,950,949
3956,949,947
3957,947,945
3958,945,948
3959,949,946
3960,947,948
3961,948,947
3962,950,948
3963,947,949
3964,947,950
3965,948,957
3966,950,961
3967,952,962
3968,954,964
3969,957,962
3970,958,967
3971,961,972
3972,965,979
3973,966,979
3974,966,980
3975,967,978
3976,966,981
3977,968,983
3978,968,985
3979,972,987
3980,973,985
3981,970,986
3982,969,988
3983,972,990
3984,974,994
3985,975,992
3986,974,989
3987,972,987
3988,971,989
3989,975,990
3990,977,992
3991,975,991
3992,976,991
3993,974,988
3994,971,989
3995,974,990
3996,974,991
3997,974,990
3998,974,988
3999,973,987
4000,971,986
4001,972,990
4002,976,993
4003,974,992
4004,975,991
4005,974,989
4006,970,988
4007,971,990
4008,970,991
4009,971,991
4010,971,989
4011,969,987
4012,967,986
4013,969,986
4014,971,989
4015,970,986
4016,970,988
4017,968,985
4018,967,985
4019,967,988
4020,968,988
4021,967,986
4022,968,983
4023,967,981
4024,964,981
4025,966,982
4026,967,986
4027,970,987
4028,968,984
4029,965,983
4030,966,979
4031,966,983
4032,965,984
4033,966,983
4034,967,983
4035,963,981
4036,961,981
4037,962,984
4038,962,984
4039,966,982
4040,965,982
4041,962,978
4042,960,981
4043,961,980
4044,962,983
4045,964,983
4046,964,980
4047,961,977
4048,960,979
4049,961,980
4050,960,982
4051,966,981
4052,964,980
4053,964,978
4054,961,980
4055,962,980
4056,964,981
4057,964,982
4058,966,977
4059,962,979
4060,959,980
4061,961,980
4062,963,984
4063,963,980
4064,963,981
4065,961,977
4066,959,978
4067,960,979
4068,962,982
4069,964,981
4070,965,980
4071,961,979
4072,960,981
4073,963,982
4074,964,984
4075,966,982
4076,965,980
4077,965,979
4078,962,979
4079,965,979
4080,965,982
4081,967,983
4082,965,982
4083,965,978
4084,962,979
4085,964,981
4086,967,982
4087,968,982
4088,969,979
4089,968,979
4090,971,979
4091,975,983
4092,978,984
4093,976,982
4094,976,980
4095,976,982
4096,975,981
4097,980,986
4098,980,986
4099,981,987
4100,984,987
4101,984,987
4102,982,984
4103,983,987
4104,985,990
4105,983,990
4106,982,993
4107,981,992
4108,979,992
4109,979,989
4110,984,991
4111,984,992
4112,982,992
4113,979,991
4114,980,990
4115,985,991
4116,988,992
4117,989,989
4118,983,985
4119,975,984
4120,971,983
4121,969,985
4122,968,985
4123,967,983
4124,964,984
4125,962,980
4126,959,979
4127,960,980
4128,959,982
4129,962,981
4130,959,980
4131,958,978
4132,956,976
4133,957,981
4134,958,981
4135,959,979
4136,960,977
4137,956,976
4138,955,974
4139,956,978
4140,958,983
4141,957,979
4142,958,978
4143,956,976
4144,956,974
4145,957,978
4146,957,981
4147,958,978
4148,957,973
4149,955,968
4150,949,963
4151,945,961
4152,938,959
4153,936,958
4154,934,954
4155,934,949
4156,929,941
4157,928,941
4158,922,949
4159,914,960
4160,909,977
4161,915,999
4162,926,1024
4163,949,1047
4164,974,1065
4165,1000,1087
4166,1036,1108
4167,1081,1129
4168,1129,1146
4169,1172,1147
4170,1196,1118
4171,1202,1051
4172,1170,991
4173,1109,959
4174,1027,963
4175,967,970
4176,937,972
4177,934,972
4178,937,974
4179,947,970
4180,948,969
4181,950,972
4182,950,972
4183,950,969
4184,952,970
4185,952,970
4186,950,970
4187,947,971
4188,951,972
4189,952,970
4190,951,970
4191,951,968
4192,949,967
4193,947,971
4194,952,973
4195,951,972
4196,953,970
4197,949,969
4198,948,967
4199,949,970
4200,953,971
4201,953,971
4202,952,972
4203,951,969
4204,948,970
4205,950,971
4206,953,973
4207,954,972
4208,953,973
4209,951,969
4210,948,971
4211,951,972
4212,953,973
4213,953,973
4214,951,972
4215,947,971
4216,946,968
4217,949,972
4218,953,976
4219,951,974
4220,952,971
4221,953,970
4222,951,968
4223,951,971
4224,953,974
4225,955,973
4226,955,972
4227,951,970
4228,952,968
4229,949,969
4230,953,972
4231,952,970
4232,951,967
4233,951,968
4234,950,968
4235,952,969
4236,953,968
4237,952,969
4238,951,970
4239,947,965
4240,948,963
4241,951,965
4242,953,968
4243,957,964
4244,952,962
4245,952,962
4246,947,961
4247,948,961
4248,949,962
4249,952,961
4250,952,958
4251,951,954
4252,949,954
4253,951,953
4254,953,957
4255,952,955
4256,954,953
4257,952,950
4258,950,949
4259,950,947
4260,951,948
4261,950,946
4262,948,946
4263,946,943
4264,947,942
4265,948,945
4266,950,945
4267,950,945
4268,951,944
4269,951,942
4270,946,943
4271,949,947
4272,950,949
4273,953,951
4274,951,951
4275,952,951
4276,950,953
4277,954,959
4278,956,965
4279,959,965
4280,960,971
4281,961,968
4282,959,969
4283,962,975
4284,965,978
4285,967,981
4286,966,982
4287,966,979
4288,969,981
4289,970,982
4290,971,985
4291,972,986
4292,972,981
4293,969,985
4294,969,982
4295,967,988
4296,972,988
4297,972,986
4298,971,985
4299,970,984
4300,968,984
4301,969,986
4302,973,990
4303,973,988
4304,975,985
4305,973,985
4306,972,982
4307,973,984
4308,973,985
4309,972,987
4310,971,986
4311,968,981
4312,965,982
4313,966,982
4314,969,984
4315,968,983
4316,968,981
4317,968,981
4318,967,979
4319,967,981
4320,968,985
4321,970,983
4322,967,980
4323,964,976
4324,962,976
4325,964,980
4326,966,982
4327,968,981
4328,964,981
4329,966,980
4330,962,977
4331,964,979
4332,965,980
4333,966,979
4334,967,978
4335,965,977
4336,959,975
4337,961,979
4338,962,980
4339,963,978
4340,964,975
4341,961,972
4342,958,972
4343,960,974
4344,960,978
4345,961,976
4346,960,975
4347,959,974
4348,957,974
4349,958,976
4350,959,977
4351,962,975
4352,961,976
4353,961,973
4354,957,973
4355,960,974
4356,962,974
4357,961,974
4358,962,972
4359,960,972
4360,957,974
4361,959,975
4362,959,978
4363,961,977
4364,962,976
4365,960,976
4366,958,974
4367,960,976
4368,960,976
4369,962,972
4370,958,973
4371,958,970
4372,955,970
4373,956,973
4374,958,973
4375,960,976
4376,961,975
4377,957,976
4378,957,976
4379,958,975
4380,962,977
4381,962,977
4382,961,975
4383,958,970
4384,960,972
4385,961,974
4386,964,974
4387,967,973
4388,968,974
4389,971,970
4390,972,970
4391,971,974
4392,972,978
4393,973,977
4394,972,976
4395,974,977
4396,973,977
4397,976,978
4398,978,979
4399,983,981
4400,982,977
4401,979,979
4402,977,980
4403,979,983
4404,979,983
4405,978,983
4406,979,983
4407,976,982
4408,976,979
4409,978,982
4410,977,985
4411,974,984
4412,974,981
4413,973,977
4414,977,978
4415,980,979
4416,983,979
4417,981,975
4418,976,974
4419,971,972
4420,968,971
4421,968,978
4422,970,977
4423,970,976
4424,966,974
4425,960,968
4426,957,970
4427,956,971
4428,958,973
4429,958,971
4430,957,969
4431,954,968
4432,952,966
4433,954,969
4434,954,971
4435,955,970
4436,954,970
4437,953,968
4438,951,968
4439,952,970
4440,953,971
4441,954,968
4442,956,967
4443,952,965
4444,950,965
4445,950,968
4446,953,971
4447,955,968
4448,954,964
4449,950,959
4450,947,953
4451,942,952
4452,936,953
4453,932,947
4454,926,944
4455,916,953
4456,911,970
4457,914,990
4458,927,1009
4459,951,1022
4460,973,1034
4461,999,1051
4462,1042,1075
4463,1096,1096
4464,1144,1102
4465,1174,1079
4466,1183,1032
4467,1164,979
4468,1112,944
4469,1043,942
4470,987,952
4471,950,955
4472,930,956
4473,926,955
4474,930,955
4475,936,958
4476,939,963
4477,942,961
4478,942,961
4479,942,959
4480,940,957
4481,944,958
4482,945,962
4483,943,961
4484,942,960
4485,943,960
4486,940,960
4487,945,960
4488,945,962
4489,946,959
4490,945,958
4491,945,955
4492,942,956
4493,944,960
4494,944,962
4495,942,962
4496,944,960
4497,943,959
4498,942,959
4499,942,961
4500,944,962
4501,946,962
4502,946,961
4503,944,958
4504,944,960
4505,945,961
4506,946,966
4507,947,963
4508,946,963
4509,942,960
4510,942,960
4511,942,959
4512,941,960
4513,942,961
4514,943,960
4515,940,959
4516,940,958
4517,940,961
4518,941,962
4519,942,961
4520,941,958
4521,939,956
4522,939,957
4523,940,961
4524,939,963
4525,940,960
4526,942,959
4527,942,960
4528,941,959
4529,942,958
4530,942,960
4531,944,962
4532,943,959
4533,943,959
4534,939,958
4535,940,959
4536,942,958
4537,944,958
4538,943,957
4539,941,957
4540,940,955
4541,942,957
4542,942,956
4543,944,955
4544,942,954
4545,941,952
4546,940,948
4547,942,951
4548,944,952
4549,946,950
4550,944,948
4551,941,943
4552,940,939
4553,941,940
4554,941,943
4555,944,942
4556,941,939
4557,938,936
4558,934,935
4559,936,936
4560,936,938
4561,937,938
4562,937,936
4563,936,934
4564,934,931
4565,937,936
4566,936,937
4567,938,935
4568,936,931
4569,935,934
4570,935,935
4571,936,940
4572,937,944
4573,940,947
4574,941,948
4575,942,948
4576,943,949
4577,948,951
4578,949,955
4579,950,956
4580,950,956
4581,950,959
4582,952,963
4583,953,968
4584,959,969
4585,963,966
4586,962,963
4587,960,962
4588,959,963
4589,959,966
4590,961,968
4591,964,968
4592,963,970
4593,960,966
4594,958,967
4595,958,966
4596,962,969
4597,962,966
4598,962,965
4599,963,966
4600,962,964
4601,960,968
4602,963,970
4603,964,968
4604,964,967
4605,963,964
4606,960,966
4607,960,967
4608,961,969
4609,961,967
4610,962,964
4611,958,963
4612,957,962
4613,957,965
4614,960,965
4615,961,966
4616,961,965
4617,959,963
4618,958,962
4619,957,963
4620,960,965
4621,964,965
4622,964,964
4623,960,964
4624,960,962
4625,958,960
4626,960,964
4627,960,959
4628,959,959
4629,956,959
4630,953,957
4631,955,958
4632,954,962
4633,955,960
4634,955,959
4635,952,957
4636,952,956
4637,955,959
4638,956,961
4639,956,958
4640,953,958
4641,954,957
4642,954,956
4643,953,957
4644,956,961
4645,957,958
4646,956,955
4647,954,956
4648,953,956
4649,953,958
4650,953,959
4651,955,958
4652,955,956
4653,954,954
4654,952,953
4655,951,957
4656,951,960
4657,954,959
4658,954,958
4659,952,958
4660,950,953
4661,952,956
4662,954,960
4663,957,957
4664,954,957
4665,954,958
4666,955,954
4667,956,957
4668,956,957
4669,956,956
4670,956,956
4671,955,954
4672,954,955
4673,952,959
4674,954,960
4675,957,959
4676,955,955
4677,954,954
4678,954,954
4679,953,955
4680,956,958
4681,957,961
4682,958,958
4683,956,956
4684,953,955
4685,953,956
4686,958,960
4687,961,958
4688,961,956
4689,961,954
4690,960,957
4691,964,959
4692,964,962
4693,968,963
4694,971,960
4695,968,961
4696,967,960
4697,971,962
4698,977,966
4699,978,965
4700,978,963
4701,975,963
4702,973,962
4703,974,965
4704,975,968
4705,974,968
4706,973,967
4707,971,966
4708,970,965
4709,966,966
4710,968,967
4711,969,965
4712,972,964
4713,973,961
4714,972,961
4715,969,963
4716,965,965
4717,964,963
4718,963,962
4719,957,955
4720,953,957
4721,954,956
4722,954,957
4723,954,958
4724,953,958
4725,950,955
4726,950,955
4727,952,956
4728,951,957
4729,953,958
4730,951,957
4731,949,957
4732,947,958
4733,948,959
4734,949,962
4735,953,959
4736,950,959
4737,947,958
4738,946,957
4739,946,957
4740,950,961
4741,952,960
4742,950,958
4743,948,959
4744,947,957
4745,948,959
4746,949,958
4747,950,954
4748,948,949
4749,943,945
4750,935,939
4751,931,939
4752,928,938
4753,927,939
4754,919,951
4755,913,970
4756,917,991
4757,934,1011
4758,959,1027
4759,987,1040
4760,1019,1060
4761,1061,1083
4762,1110,1102
4763,1156,1105
4764,1187,1087
4765,1194,1029
4766,1174,972
4767,1121,936
4768,1046,931
4769,982,941
4770,946,949
4771,932,952
4772,927,954
4773,930,954
4774,934,954
4775,939,957
4776,941,959
4777,943,959
4778,941,956
4779,941,958
4780,940,957
4781,944,959
4782,945,959
4783,947,957
4784,945,959
4785,944,954
4786,940,956
4787,942,956
4788,944,962
4789,944,960
4790,943,959
4791,943,955
4792,937,956
4793,940,958
4794,942,961
4795,943,962
4796,941,960
4797,938,957
4798,936,957
4799,937,959
4800,941,961
4801,940,959
4802,938,958
4803,941,959
4804,938,958
4805,939,961
4806,940,960
4807,940,962
4808,941,960
4809,939,957
4810,939,958
4811,940,961
4812,942,961
4813,942,961
4814,942,960
4815,940,958
4816,938,958
4817,940,961
4818,941,962
4819,945,963
4820,943,960
4821,941,957
4822,938,957
4823,940,955
4824,940,959
4825,941,958
4826,940,958
4827,939,957
4828,936,957
4829,938,958
4830,939,959
4831,941,958
4832,940,957
4833,939,953
4834,936,953
4835,938,954
4836,938,958
4837,939,956
4838,940,952
4839,941,951
4840,939,951
4841,938,950
4842,939,954
4843,941,953
4844,943,950
4845,943,948
4846,939,946
4847,941,947
4848,940,948
4849,940,946
4850,940,945
4851,937,940
4852,937,938
4853,936,940
4854,940,942
4855,938,939
4856,934,938
4857,933,934
4858,931,932
4859,931,935
4860,931,933
4861,931,934
4862,931,934
4863,930,930
4864,926,931
4865,927,932
4866,932,936
4867,933,935
4868,932,937
4869,933,940
4870,933,944
4871,936,948
4872,939,951
4873,941,951
4874,944,953
4875,943,956
4876,944,955
4877,947,960
4878,951,964
4879,951,966
4880,952,968
4881,950,965
4882,949,967
4883,953,970
4884,956,972
4885,958,973
4886,958,974
4887,958,974
4888,956,973
4889,957,975
4890,960,975
4891,963,977
4892,961,975
4893,960,976
4894,960,974
4895,960,976
4896,961,978
4897,962,977
4898,962,976
4899,961,972
4900,958,974
4901,960,976
4902,960,978
4903,962,977
4904,960,977
4905,958,971
4906,956,971
4907,958,973
4908,959,975
4909,959,975
4910,960,974
4911,956,970
4912,954,970
4913,956,973
4914,960,974
4915,961,973
4916,959,973
4917,956,972
4918,955,973
4919,955,973
4920,956,974
4921,958,973
4922,957,970
4923,955,969
4924,952,968
4925,953,974
4926,956,974
4927,958,973
4928,957,970
4929,955,969
4930,951,969
4931,950,970
4932,954,972
4933,956,972
4934,957,971
4935,952,968
4936,953,968
4937,956,971
4938,957,973
4939,957,972
4940,960,968
4941,957,969
4942,953,968
4943,954,971
4944,955,973
4945,956,970
4946,957,971
4947,954,967
4948,950,967
4949,952,970
4950,953,972
4951,954,971
4952,955,972
4953,951,968
4954,952,970
4955,952,969
4956,954,971
4957,955,973
4958,953,969
4959,953,968
4960,951,969
4961,952,970
4962,955,972
4963,955,971
4964,954,972
4965,953,970
4966,952,968
4967,953,972
4968,954,973
4969,957,972
4970,957,970
4971,953,970
4972,955,969
4973,956,971
4974,958,974
4975,956,974
4976,955,972
4977,954,971
4978,953,969
4979,954,971
4980,957,973
4981,958,974
4982,958,971
4983,958,972
4984,958,971
4985,963,974
4986,967,977
4987,969,972
4988,968,972
4989,967,974
4990,966,974
4991,969,976
4992,972,980
4993,975,981
4994,976,978
4995,976,976
4996,976,979
4997,977,980
4998,979,985
4999,980,984
5000,978,982
